                                                           EFIT TEAM DETAILS,,,,,,
S.NO,Role,Name,ID Number,Mail id,Phone Number,Year
1,Faculty Mentor,Dr G Sateesh,9024,,9703214949,
2,President,B.Eswar Naga Satwik,2300090062,2300090062 @kluniversity.in,7416 531 113,Y-23
3,Vice President,Krishna Saran ,2300090185,2300090185@kluniversity.in, 93816 22907,Y-23
4,Secretary,M.Ram Gopal ,2300090205,2300090205@kluniversity.in,88853 54889,Y-23
5,Joint Secretary,Shaik Khaja,2400090060,2400090060@kluniversity.in,9347618170,Y-24
6,Designing - Director,R. Rupesh Sai ,2400090150,2400090150@kluniversity.in,95025 15671,Y-24
7,Designing -  Lead,K.Venkata Sai Dinesh ,2400090022,2400090022@kluniversity.in,79951 95096,Y-24
8,Designing -  Lead,Motamarri Sakyath ,2400090146,2400090146@kluniversity.in,93988 16256,Y-24
9,Social Media -Director,Parupalli Sai Harshitha ,2400090281,2400090281@kluniversity.in,86888 47440,Y-24
10,Social Media -  Lead,karumuri p r n s rajeswararao,2400090008,2400090008@kluniversity.in,93983 23969,Y-24
11,Social Media -  Lead,P.Teja ,2400090134,2400090134@kluniversity.in,81065 15079,Y-24
12,Social Media -  Lead,khushi kumari  ,2400090169,2400090169@kluniversity.in  ,6200933447,Y-24
13,Logistics - Director ,P.Bhavya sri ,2400090224,2400090224@kluniversity.in,93929 86449,Y-24
14,Logistics Lead,Yarasi Lalithya Amrutanand ,2400090018,2400090018@kluniversity.in,81436 00129,Y-24
15,Logistics Lead,Veda Naga Sai Lakshmi Satyavani,2400090077,2400090077@kluniversity.in, 83411 72865,Y-24
16,Logistics Lead,T .Yohana Preethi,2500090272,2500090272@kluniversity.in,89787 31288,Y-25
17,Tech/non-Tech Events Director,Shaik Fayaz ,2400090149,2400090149@kluniversity.in, 97017 35366,Y-24
18,Technical/non-Technical Events - Lead,P. Justina Sumita ,2400090172,2400090172@kluniversity.in,95426 86914,Y-24
19,Technical/non-Technical Events - Lead,Chinta eswari Bhavani ramya sri,2500090233, 2500090233@kluniversity.in, 99086 11179,Y-25
20,Coordinator,Chavva sai venkata harshith,2600090080,2600090080@kluniversity.in,9398603320,Y-26
21,Coordinator,G.Sanjay,2600090185, 2600090185@klunivesity.in, 83283 80530,Y-26
22,Coordinator,P.Yashwanth Nag,2600090112, 2600090112@klunivesity.in,9493710986,Y-26
23,Coordinator,G.Mohan madhav krishna,2600090078,2600090078@kluniversity.in,63016 16191,Y-26
,,,,,,
,,President ,1,,,
,,Vice President,1,,,
,,Secretary ,2,,,
,,Directors ,4,,,
,,Coordinators,3,,,
,,,,,,
,,Wing ,Count ,Total EFIT Team Count,,
,,Designing,2,21,,
,,Logistics ,3,,,
,,Tech/Non-Tech,2,,,
,,Social Media ,3,,,
